answer,total_users,purchased,conversion_rate,churned,churn_rate
simplified-explanation,173,136,78.61271676300578,90,66.17647058823529
direct-answer,665,500,75.18796992481202,333,66.60000000000001
step-by-step,5022,3765,74.97013142174433,2587,68.71181938911023
detailed-explanation,2431,1822,74.94858083093378,1263,69.31942919868277
answer-with-explanation,1616,1210,74.87623762376238,819,67.68595041322314
