answer,all_count,all_pct,null_count,null_pct,diff_pct
step-by-step,5022,50.691430301806804,1257,50.80840743734842,0.11697713554161737
detailed-explanation,2431,24.538205309377208,609,24.6160064672595,0.07780115788229125
answer-with-explanation,1616,16.31169879882911,406,16.410670978173002,0.09897217934389246
direct-answer,665,6.712425557686484,165,6.669361358124496,-0.04306419956198848
simplified-explanation,173,1.7462400323003935,37,1.4955537590945838,-0.2506862732058097
