cluster,count,churn_rate,avg_ratio,answer_errors,avg_event_interval_sec,chat_opens,chat_views,dislikes,error_rate,likes,messages_received,messages_sent,total_events,time_to_first_message_sec,like_dislike_ratio
0,2687,0.9612951246743581,0.9193548387096774,0.024562709341272793,19.498914749553244,0.05173055452177149,0.05173055452177149,0.04614812058057313,0.007068424690307832,0.04242649795310755,0.17566058801637513,0.20468924451060663,13.702642352065501,920.8027540007444,0.19600545837985361
1,1085,0.14193548387096774,1.709082931110136,6.146543778801843,187.69392716703908,7.885714285714286,8.545622119815668,6.301382488479263,0.15040361742186026,10.76958525345622,33.06728110599078,40.687557603686635,139.44608294930876,370.4746543778802,3.4001326028629664
2,6446,0.7873099596649085,1.0155021343518311,6.341141793360223,181.7648729976944,4.00186161960906,4.079273968352466,2.071517219981384,0.3890607697207571,2.103630158237667,8.8538628606888,16.08346261247285,62.35789636984176,370.4156065777226,4.650043848573945
