,onboarding_skips,total_events,avg_event_interval_sec,answer_errors,dislikes,successful_purchase,error_rate,is_churned,goals_creative,goals_professional,goals_personal_dev,goals_social_entertain,assist_detailed,assist_concise,interest_creative_arts,interest_practical,interest_outdoor,interest_intellectual,interest_business_tech,interest_lifestyle
Кластер 0,0.2043737574552684,797.4703777335984,3597.281571548453,4.002783300198807,1.0047713717693838,1.0031809145129225,0.2500473350373947,2.0,1.5061630218687871,1.5598409542743539,0.3256461232604374,0.3033797216699801,1.887872763419483,0.08071570576540756,1.5606361829025845,0.43737574552683894,0.37813121272365807,0.3992047713717694,0.15785288270377734,0.3836978131212724
Кластер 1,0.0355119825708061,3673.897385620915,34748.28449184624,59.11851851851852,7.20718954248366,1.9962962962962965,0.47038919447421756,1.9969498910675383,1.6278867102396513,1.9281045751633987,0.4132897603485839,0.37886710239651417,1.9285403050108934,0.04008714596949891,1.5917211328976035,0.47581699346405226,0.3997821350762527,0.43224400871459695,0.1766884531590414,0.3941176470588235
Кластер 2,0.2595566977192419,4920.441374879538,28738.789866553077,29.785094763893348,11.420494699646643,1.9910054609701253,0.3365013167712347,1.231609380019274,1.6247992290395117,1.8628332797944105,0.352071956312239,0.34596851911339543,1.8268551236749118,0.14487632508833923,1.5101188564086092,0.3938323160938002,0.3376164471570832,0.3530356569225827,0.1471249598458079,0.32123353678123995
