,onboarding_skips,total_events,avg_event_interval_sec,answer_errors,dislikes,successful_purchase,error_rate,is_churned
Кластер 0,0.2068965517241379,12.997648902821084,18.97407262277951,-1.186550857568136e-14,1.0755285551056204e-14,5.10702591327572e-15,-2.6645352591003756e-16,0.9999999999999999
Кластер 1,0.12585551330798472,63.30893536121673,193.14402316121271,7.81520912547528,2.05722433460076,1.0000000000000042,0.11772544522559414,0.9999999999999994
Кластер 2,0.12261014131338324,93.05985037406484,151.0134958811774,2.7024106400665073,3.9455527847049083,1.0000000000000009,0.027608345985842938,2.3314683517128287e-15
